Time,R1,R2,N1,N2
1,0.325583874,0.458006069,0.610897773,0.515504555
2,0.648580315,0.551381503,0.970703222,1.007761218
3,0.036132104,-0.006641815,1.249473408,1.10174113
4,-0.977937579,-0.294639892,0.942086699,0.885491795
5,0.277307686,0.48713872,0.702418554,0.767928198
6,0.774398117,0.576649177,0.929547737,0.820156373
7,0.284279434,0.581809516,0.407951199,0.28705473
8,0.580460647,0.385518598,0.16318048,0.100469156
9,0.389152793,0.210663647,0.342579878,0.522302925
10,0.629544696,0.567698576,0.911430068,0.7594552
11,0.274842312,0.531870805,0.648851461,0.847618836
12,0.475967632,0.204208623,0.840001232,0.682185191
13,0.346775989,0.446331559,0.725153286,0.449428464
14,0.757265658,0.826322926,0.91960601,0.724998538
15,0.24949732,0.574101084,0.642684717,0.785620294
16,0.797133358,0.502358488,0.733041519,0.479175726
17,0.465170177,0.463714945,0.639992597,0.614043063
18,0.535702622,0.428351236,1.013262696,1.041237998
19,-0.0440892,-0.119353767,0.654802398,0.938534384
20,0.339155533,0.060307889,1.059054318,0.830845522
21,-0.142365036,0.247378073,0.888791904,0.754510878
22,0.53369582,0.959754152,0.891219384,0.692430043
23,0.393448318,0.772280133,0.356487753,0.242350515
24,0.619644169,0.400270935,0.481750634,0.14513057
25,1.115816849,0.507532776,0.192700254,0.298173772
26,0.440307729,0.483630463,0.610775922,1.064114973
27,1.093425908,-0.289299921,0.637758686,1.144720374
28,0.82453903,-0.511612048,0.874747644,0.800923066
29,0.402599214,0.510660948,1.465715906,0.787855849
30,-1.626292326,0.311442666,1.026594091,0.75938001
31,-0.064662378,0.337980128,1.504063545,0.265783003
32,-3.511444904,0.834709249,1.426164447,0.093024051
33,-1.791756431,0.205173758,0.973064993,0.543219365
34,0.038516846,0.252748303,0.389225997,0.501569444
35,0.376143025,0.279279863,0.155690399,0.513529433
36,0.423594009,0.679000866,0.06227616,1.01444455
37,0.124385148,-0.023736279,0.024910464,0.560229351
38,0.060146263,0.481765423,0.048481031,0.448828576
39,0.098027006,0.399556639,0.395535438,0.436369865
40,0.765587666,0.663228098,0.581808184,0.831730318
41,0.555367749,0.247192698,0.357108421,0.291105611
42,0.738806898,0.559936933,0.202989631,0.583652387
43,0.653713137,0.876370368,0.179222859,0.603834974
44,0.347459221,0.440977559,0.837276809,0.874570339
45,0.570102203,0.413288533,0.890278473,0.553292317
46,0.305894835,0.648166682,1.094918287,0.753589243
47,-0.508550725,0.850772224,1.091680452,1.140126604
48,-0.370582477,-0.516571014,0.784131402,0.84002187
49,0.464227195,0.298577544,0.883754764,0.707296187
50,0.383531138,0.676335873,0.659396741,0.895720347
51,1.256917158,0.506146743,0.263758696,1.164274345
52,0.733671031,-0.634210879,0.105503478,0.407496021
53,0.311634705,0.676598029,0.506428586,0.441201152
54,0.552558825,0.418355644,0.586102573,0.830756277
55,0.729887759,0.350742963,1.491358187,0.79691144
56,-2.157992053,0.39305039,1.330214306,0.278919004
57,-1.2587195,0.472054443,0.843720428,0.77421968
58,0.68950041,0.870177974,0.890046996,0.689332532
59,0.216439663,0.363610298,1.085906558,0.592009349
60,-0.294775055,0.640596156,0.434362623,0.600253662
61,1.312571931,1.226875874,0.173745049,0.682143224
62,0.631911129,0.870281022,0.75899843,1.108928102
63,0.940692299,-0.588901258,0.520039035,0.751735134
64,1.557836842,1.159033142,0.208015614,0.903703452
65,0.777670796,0.381181056,1.395778177,1.543172082
66,-1.499183057,-1.838020821,1.1902224,1.410391251
67,-0.732352789,-1.580671094,1.416781259,0.493636938
68,-2.168554795,0.799989971,2.124549346,1.33180607
69,-3.90617054,-0.514307964,1.627490535,0.847313181
70,-4.384772408,0.503370631,0.650996214,0.296559613
71,0.779955481,0.613665105,0.260398486,0.103795865
72,0.594717721,0.239715377,0.104159394,0.836318523
73,0.327163208,0.413457566,0.041663758,0.292711483
74,0.110347576,0.464419059,0.016665503,0.60581965
75,0.036999772,0.416057265,0.786621682,0.825701982
76,0.577474262,0.424523682,0.909366394,0.528711071
77,0.33939053,0.920154383,0.690909766,0.598506441
78,0.366814074,0.297465934,0.386711482,0.673896313
79,0.675280429,0.511687401,0.191684365,0.651920974
80,0.540262697,0.680667566,0.654148008,0.652696023
81,0.853251607,0.750023451,0.601049733,1.148597991
82,0.976936425,-0.621932159,0.607233967,0.699475231
83,0.766901511,0.569810224,0.918174016,0.756503732
84,0.223683647,0.45351483,0.907532304,0.945443872
85,0.303865902,0.162193033,1.216264529,1.080928806
86,-0.786717153,-0.216606975,1.463442237,0.378325082
87,-1.666763781,0.455588402,1.352278406,0.702224002
88,-1.387679904,0.500959273,0.764595009,0.699293231
89,0.455100301,0.422078405,0.609703906,0.406945664
90,1.493903179,1.509760658,0.243881562,0.142430983
91,0.49561126,0.264609004,0.097552625,0.505439246
92,0.349583956,0.882099397,0.03902105,0.677863009
93,0.155216727,0.811624705,0.470708721,0.659330458
94,1.348378606,1.167234564,1.682186668,1.740526318
95,-2.540410237,-2.191011963,1.168485927,0.873793216
96,-0.4322986,0.185567905,0.816978327,1.187927023
97,0.45665498,-0.567398951,0.482008057,1.227399163
98,0.473873428,-0.391423242,1.541181829,1.596824271
99,-3.369945839,-3.436778182,0.616472731,0.558888495
100,0.965712977,0.901180108,0.246589093,0.381178879
101,0.521849084,0.539987259,0.555290617,0.133412607
102,0.950339598,0.392308387,0.695989675,0.046694413
103,0.584990973,0.099904535,0.27839587,0.016343044
104,0.329838368,0.018809032,1.077071325,0.906900174
105,-0.262462718,0.224097431,0.952677614,0.85740232
106,0.2159941,0.545568563,1.331410643,0.692399198
107,-1.085054005,0.412881785,1.117555231,0.342244255
108,-0.323958156,0.437914049,0.776860461,0.138594522
109,0.702009458,0.431766125,0.310744184,0.272605513
110,0.833331933,0.682124213,0.340291773,0.640980492
111,0.344467521,0.247405658,0.136116709,0.637224957
112,0.143813947,0.187171146,0.054446684,0.660942784
113,0.187017947,0.707513535,0.723788132,0.663096099
114,0.532714923,0.478794834,1.122847185,0.914207848
115,-0.28156099,0.120466526,0.793606395,0.567378405
116,0.332356775,0.374218736,0.461256505,0.385753588
117,1.116780604,0.976050657,0.371520549,0.842527291
118,0.631758277,0.289835218,0.681323143,0.773679386
119,0.837314457,0.595705896,0.272529257,0.391254311
120,0.543929042,0.529422775,0.441368478,0.511157745
121,1.435655935,1.422799864,1.293327995,1.154955867
122,-1.11188281,-0.432051037,1.149089475,0.694069772
123,-0.712750014,0.794258059,1.296950247,0.838630316
124,-0.9082929,0.248989913,1.062709141,0.822943386
125,-0.237635131,0.449473868,1.860739591,1.710830049
126,-8.757475169,-6.401255708,0.744295836,0.598790517
127,0.43930003,0.430287782,0.297718335,1.00383474
128,0.429486522,-0.005959427,0.119087334,0.600332072
129,0.211179334,0.362178518,0.047634934,0.659590093
130,0.228016884,1.063749587,0.019053973,0.230856533
131,0.096397747,0.868781177,0.44692162,0.511087569
132,1.347506406,1.31033697,0.60825517,0.178880649
133,0.9254697,0.504169603,0.454481402,0.424786745
134,0.631268258,0.494738596,0.409809445,1.212424948
135,1.029449235,-0.99120706,0.260321525,1.293129909
136,0.344419233,-0.493612119,1.451635016,1.762932438
137,-4.874508941,-10.39548227,1.506123706,1.121195956
138,-2.10392472,-0.304317094,1.23371774,0.88715718
139,-0.610443288,0.160939409,1.522936331,0.310505013
140,-1.287123779,0.245599526,0.953593765,0.108676755
141,0.286757507,0.630458238,0.381437506,0.038036864
142,0.969029824,0.134676384,0.152575002,0.013312902
143,0.326138695,0.026286932,0.061030001,0.165598925
144,0.150597885,0.291056765,0.024412,0.303559149
145,0.053915329,0.369569584,0.296522307,0.736703941
146,1.106874897,0.98342559,1.087638747,0.392522764
147,-0.477707527,1.125607643,0.761194194,0.163669899
148,0.541149987,0.336964212,0.455075563,0.34834123
149,0.957247991,0.773208398,0.235945554,0.491489014
150,0.647936153,0.778618818,1.201253118,1.155446745
151,-1.930741766,-1.518032185,0.480501247,1.530014003
152,1.545134612,-4.984337848,0.733350486,0.872469113
153,0.898442856,0.471171101,1.250588186,1.078572588
154,-1.039486589,-0.238817427,1.148171427,1.156119224
155,-0.329698264,-0.259810346,0.459268571,0.404641728
156,1.540184608,1.484294968,1.72884204,0.141624605
157,-2.27120811,0.159833139,1.589979672,0.520739713
158,-2.852668947,0.630937286,0.635991869,0.1822589
159,0.731280312,0.395113363,0.254396747,0.063790615
160,0.548822382,0.141876664,1.641943307,1.506621683
161,-2.487038506,-1.405200153,0.656777323,0.687150728
162,0.947168816,0.81413111,0.262710929,0.871440041
163,0.697810382,0.350054533,0.836364684,0.700117377
164,0.505733337,0.677171754,0.883368255,0.386917746
165,0.332863412,0.646825859,0.353347302,0.135421211
166,0.850488262,0.381066867,1.088507736,0.861528534
167,-0.095940512,0.074710589,1.133213476,0.65158952
168,-0.895918732,1.323859248,0.959018727,0.905228086
169,0.112007162,0.199983818,0.716470902,0.963655689
170,0.601577107,0.085653047,1.137076623,0.718346358
171,-1.347287074,1.887768088,0.454830649,0.326131815
172,1.175780958,0.968089058,0.18193226,1.438005383
173,0.601774224,-2.273389329,0.184780066,0.703285702
174,0.857663908,1.155366849,0.675489134,0.331803043
175,0.688716899,0.583837351,0.270195653,2.003899153
176,1.023253662,-9.918698414,1.28385922,1.669453762
177,-1.320648432,-3.517783453,1.115317912,0.584308817
178,-0.366330764,0.565784816,1.303791073,1.359874934
179,-2.124348349,-2.514603862,1.210233328,1.059793578
180,-0.521749364,-0.09789387,1.507346994,0.370927752
181,-1.569931354,0.360959417,0.602938797,0.129824713
182,0.685297408,0.264798323,0.241175519,0.611223466
183,0.453380056,0.464943831,0.096470208,0.213928213
184,0.295396914,0.486781101,0.038588083,0.074874875
185,0.219221511,0.401747116,0.015435233,0.387165623
186,0.036406977,0.445183877,0.691471501,0.400306291
187,0.646278851,0.603984065,0.729968656,0.605051033
188,0.70180403,0.735733329,0.587384376,0.698548962
189,1.142192595,0.920488449,0.454175262,0.646239253
190,0.34262895,0.215676481,0.218077081,0.671367615
191,0.717351009,0.836822857,0.733509684,0.83896273
192,0.864612322,0.54557234,0.995207904,1.029370285
193,0.019060047,-0.107547718,1.540275757,1.280768049
194,-1.256211659,-0.378786811,0.958739253,0.663945298
195,0.124902677,0.591187948,1.10084671,1.069203711
196,-0.201146232,-0.097917337,1.304951006,0.919793639
197,-1.765985048,0.299135703,0.54104045,0.321927774
198,0.569259471,0.387643634,0.21641618,0.112674721
199,0.432794911,0.203029269,0.211469149,0.6306241
200,0.491849526,0.566843166,0.084587659,0.220718435
201,0.194309826,0.341989172,0.033835064,0.376387155
202,0.123985732,0.782090935,0.582793497,0.519379139
203,0.513646121,0.400221609,0.66591231,0.384811967
204,0.496151482,0.406156141,0.75821445,0.701527355
205,0.460943776,0.417346425,0.497595606,0.587523746
206,1.119725616,0.994070171,0.323023975,0.987724247
207,0.530856179,0.023129195,0.642855711,0.745925095
208,2.538539552,2.405503504,0.753293766,0.667229924
209,0.372974427,0.333890134,0.762261283,0.650876898
210,0.862172117,1.005149817,1.424630129,1.221877085
211,-1.82729315,-0.679633375,1.10070823,0.450786175
212,-0.223148834,0.373722685,2.978822845,2.563278665
213,-29.43547189,-18.8309441,1.564503565,1.231037666
214,-2.99184887,-0.822887082,1.487973543,1.436013
215,-2.836451022,-2.164727182,0.595189417,0.50260455
216,0.508253971,0.400093028,0.238075767,0.549634278
217,0.803152841,1.000849487,0.095230307,0.192371997
218,0.153488833,0.201290499,0.038092123,0.067330199
219,0.121731478,0.177315303,0.015236849,0.02356557
220,0.038400392,0.046889166,0.514348711,0.408340978
221,1.032093555,0.895944572,1.008892325,1.143768829
222,-0.021761847,-0.3133741,0.557045763,0.601609589
223,0.455819096,0.324950873,0.344549783,0.387878659
224,1.307421628,1.342236296,0.176220305,0.182646697
225,0.304858074,0.237588594,1.102581677,0.959870916
226,-0.399928772,0.117575083,0.441032671,0.335954821
227,2.221466969,2.192665853,0.632232165,0.442535061
228,0.83659491,0.769594506,1.560314494,1.497123567
229,-3.593241378,-2.74183046,0.928983871,0.761581843
230,0.318735127,0.818752176,0.371593549,0.384128728
231,1.025786376,0.947147242,2.370104388,2.327110907
232,-13.38984897,-11.42373421,1.784636665,1.584083324
233,-6.094274581,-3.661406476,0.713854666,0.554429163
234,0.885524142,0.972821924,0.604276994,1.012802384
235,1.191122589,-0.060742482,1.267497173,1.301628076
236,-1.615048269,-1.739295668,0.506998869,0.455569827
237,0.463748435,0.338101567,0.202799548,0.159449439
238,0.861698142,0.683287133,0.966643961,1.028629228
239,0.092172839,-0.068910681,1.577780173,0.36002023
240,-2.019362273,0.391981115,0.631112069,0.12600708
241,1.069955951,0.466524739,0.716193263,0.382204045
242,0.949466513,1.020796907,1.148175447,0.817058549
243,-0.344256463,0.227092558,0.551443018,0.285970492
244,0.793040378,0.551473039,0.220577207,0.492070787
245,0.807393519,1.087766764,1.158186834,0.638749514
246,-1.084542438,1.341302145,1.412741246,1.244359237
247,-2.547283076,-1.208957505,0.565096499,0.662618291
248,1.246898505,1.071630436,1.019078977,0.783389441
249,-0.053759428,0.380879479,1.21502511,1.361953068
250,-0.816250798,-1.2890403,0.486010044,1.817985719
251,0.802263118,-4.02483409,0.194404018,0.636295002
252,0.548687189,0.698314812,1.324660112,1.294333687
253,-0.86273963,-0.572578153,0.529864045,0.83389627
254,2.365600085,1.453612959,0.211945618,0.291863694
255,0.410831369,0.400789422,0.887041365,0.102152293
256,0.604512736,0.545938958,0.903503735,0.734068114
257,0.21290669,0.375153018,0.361401494,0.25692384
258,0.790514446,0.560039037,2.510160683,1.543536303
259,-10.63409919,-1.917480881,1.414895642,0.941027128
260,-1.931147282,0.154778336,1.170470993,0.875298453
261,-0.220692811,0.077940809,0.681095087,0.681507477
262,0.404797752,0.297541049,1.062952481,0.798566654
263,-0.276927743,0.597733855,0.425180992,0.279498329
264,0.677445564,0.453410545,0.170072397,0.252602751
265,0.483959127,0.554528,0.068028959,0.166351772
266,0.284199395,0.569422341,0.432009335,0.355764169
267,0.955896181,0.789665537,0.172803734,0.722251315
268,0.489092439,0.587682199,0.746567058,0.706198506
269,0.988505026,1.03170407,0.78258595,0.801697477
270,0.609615763,0.493344206,0.597233775,0.850016458
271,0.726402197,0.319492911,1.194789691,1.087171297
272,-1.265077483,-0.495178416,0.967008316,0.968192153
273,0.090968992,0.071834785,1.375308353,1.370571323
274,-1.723880555,-1.44356928,1.159739104,0.973044169
275,-0.628832394,0.0760773,1.190297838,0.66005837
276,-0.486667365,0.367435155,0.476119135,0.23102043
277,0.870871179,0.533750111,0.281416646,0.152691935
278,0.705339541,0.388228278,0.112566658,0.053442177
279,0.352990245,0.15428311,0.045026663,0.094782062
280,0.065257308,0.090981918,0.018010665,0.400608877
281,0.034280702,0.345710802,0.878075445,0.673963218
282,0.293525831,0.48803115,1.056569719,0.624115404
283,-0.227819745,0.786541273,0.775618132,0.372723501
284,0.507870884,0.561381898,0.375504561,0.221435143
285,0.855868812,0.547501536,0.184482526,0.423213102
286,0.50031886,0.690101635,0.367318841,0.636155736
287,0.612525948,0.4893449,0.146927537,1.00919578
288,0.483908777,-0.031617141,0.566641899,0.914600421
289,2.110215116,0.723463524,1.082525571,0.867611683
290,-0.339420831,0.383557425,0.933329088,0.993765724
291,0.269741109,0.024395267,0.985857583,0.837162904
292,0.060386702,0.536208026,0.87825181,0.293007016
293,0.353202931,0.580747228,2.46151584,0.82601598
294,-10.08195774,0.328047556,0.984606336,0.672663018
295,0.075908336,1.038518606,0.663583643,0.259827324
296,0.775122589,0.573826364,0.32582016,0.627147589
297,0.878675967,0.832752819,0.483530995,0.800248884
298,1.14813632,0.677463639,0.193412398,0.608134665
299,0.714329177,1.004859597,0.153273295,1.251365739
300,0.611168018,-1.373708341,0.836431908,1.011804373
301,0.251400446,-0.016086114,1.21324873,1.186884349
302,-0.59065917,-0.391852624,1.633435812,1.092873162
303,-4.339479754,-0.383501284,1.367703501,1.387365203
304,-3.616770646,-3.984428761,1.158249418,0.485577821
305,-0.554993091,0.628092109,0.714700214,0.169952237
306,0.746713977,0.449890403,0.285880085,0.059483283
307,0.712659769,0.168049046,0.114352034,0.020819149
308,0.568177816,0.110806581,0.045740814,0.007286702
309,0.145581257,0.0205253,0.018296325,0.630642455
310,0.056094974,0.608793991,0.754032508,0.670615262
311,0.295323308,0.248731013,1.014272772,0.402764388
312,-0.053931962,0.783774732,0.973886925,0.251774117
313,0.045402512,0.244737817,0.535136027,0.10864624
314,0.858059153,0.286575689,0.270149385,0.646820175
315,0.366266405,0.311884619,0.403383062,0.475118074
316,0.835004267,0.743400927,0.161353225,0.950066058
317,0.386705408,0.110967206,0.109943802,0.577260938
318,0.564487569,1.373386921,0.902036674,0.488617017
319,0.18562757,0.397808374,0.727081075,0.482900575
320,0.879155089,1.010435592,1.125836697,0.912416129
321,-0.536858073,0.265982872,0.837040087,0.430312851
322,0.459198931,0.703726052,0.899303603,1.523996419
323,0.542599966,-4.71278085,0.545349012,0.93120712
324,0.802316449,0.175023622,1.097294694,1.336358084
325,-0.194306572,-0.598183102,0.438917878,0.733708202
326,0.380530558,0.211895418,0.634766082,0.960523923
327,0.684840238,0.092440727,0.796506399,0.336183373
328,0.456295944,0.512298625,1.120919008,0.292687803
329,-0.882985229,1.356398073,0.448367603,0.102440731
330,0.79509443,0.249155119,0.559877599,0.247749674
331,0.640170163,0.38696988,0.908791278,0.179153113
332,0.219976466,0.313578839,0.819812455,0.575002214
333,0.554498273,0.803799883,0.327924982,1.557648848
334,0.462309572,-1.380453434,0.926264423,0.794332216
335,0.168411869,0.317786058,1.010675933,0.664986156
336,-0.055415976,1.084332597,0.624246839,0.546323993
337,0.812933311,0.737830491,0.804197008,0.995013281
338,0.765088507,0.022533144,0.783988376,0.348254648
339,0.509055265,0.56553984,0.482007219,0.439675185
340,0.586307423,0.450840161,0.192802888,1.238218912
341,0.490289342,-0.77936056,0.890054466,1.17120711
342,0.188738045,-0.286914632,1.121110293,0.432455633
343,-0.537807997,0.863384617,0.957499382,0.716899312
344,0.084952859,0.320604794,0.969307176,0.70175492
345,0.129872014,0.83137313,0.878012212,0.245614222
346,0.572896538,0.948826306,0.53994293,0.085964978
347,1.092854792,0.315176344,0.215977172,0.893472359
348,0.692922408,0.348733844,0.171343728,0.633320119
349,0.520424285,0.741429094,0.198409505,1.053035172
350,0.338971089,-0.090538229,0.65226034,1.317388616
351,0.606468232,-0.899988443,1.353758928,0.77626236
352,-2.398426054,0.81914385,1.234425979,0.62042567
353,-1.682923039,1.33888732,1.014194677,0.958578079
354,-0.051355411,0.122545551,0.74464896,0.335502327
355,0.509345305,0.480959458,0.904327816,0.117425815
356,0.259817802,0.257915276,0.361731126,0.860242886
357,0.752283421,0.331322212,0.14469245,1.63997233
358,0.215249889,-1.319719926,0.05787698,0.696535866
359,0.212574503,0.72893462,0.532496097,0.724747011
360,0.859516667,0.591050888,0.472816241,0.51157673
361,0.515427692,0.390044725,0.941409918,0.510374067
362,0.191046815,0.743343887,0.591813857,0.178630924
363,0.712146137,0.356794185,0.449300046,0.791455443
364,1.017709048,0.608633848,1.039236685,0.868060293
365,-0.226483486,0.614792009,0.931122366,0.693865828
366,0.189982996,0.519684912,0.563495762,0.986196926
367,0.711394968,0.032321733,0.937544441,0.701963109
368,0.236107183,0.752545424,1.392726825,0.854320936
369,-1.824990266,0.353316447,0.55709073,0.913804336
370,1.093988219,0.319020924,0.412819288,0.83951643
371,0.625937226,0.277634964,0.876522683,0.326152484
372,0.341608375,0.582063862,0.586716257,0.866698793
373,0.952878722,0.402410553,0.234686503,0.656661025
374,0.452223369,0.45015476,1.18786282,0.548852282
375,-0.615851493,0.554467298,1.101082354,0.469733263
376,-0.460136731,0.924380974,0.782041317,0.746470504
377,0.907830979,0.963958101,1.265695249,0.663675229
378,-1.272521508,0.741601009,0.958501469,0.682441091
379,0.092961894,0.394234287,0.383400587,0.79332168
380,0.627396745,0.349637356,0.153360235,1.202043562
381,0.859077531,-1.622396484,0.969175073,1.384673348
382,0.171728805,-2.98454822,0.387670029,1.226236681
383,0.452418726,-0.391083025,0.248029906,0.823417125
384,0.692873486,0.472085587,0.726608707,0.63783335
385,0.955050883,1.035280009,1.149721014,0.223241672
386,-0.701327074,0.631878402,0.631617211,0.078134585
387,1.015182592,0.285933495,0.70506561,0.027347105
388,1.129504214,0.13885163,0.97489973,0.481657073
389,0.151908596,1.540106411,1.345010775,1.203859984
390,-0.816681323,-0.313178056,0.53800431,1.053229397
391,1.335055816,-0.288592343,1.230384316,0.654563784
392,-1.01445855,0.700666269,1.62165794,0.367948954
393,-6.424785992,1.482484781,0.800571773,1.668888545
394,0.95704101,-6.59137857,0.320228709,0.584110991
395,0.834224188,0.819998478,1.4631473,0.204438847
396,-1.667632049,0.315586855,0.58525892,0.772219865
397,0.717557377,0.429226814,0.234103568,1.752761734
398,0.813611652,-5.501040904,1.050682437,0.613466607
399,-0.389789407,1.797297168,1.254497163,1.03471179
400,-0.966309788,-0.090264443,0.501798865,0.677735981
401,0.976858396,0.755369597,0.918276923,0.666434407
402,0.188203575,0.441663111,1.180922422,0.233252042
403,-0.65450626,0.456292935,0.472368969,1.878935383
404,1.669725557,-11.20536882,0.188947587,0.657627384
405,0.308739929,0.340210472,1.052437431,0.985539181
406,-0.132037994,0.026696782,0.609178547,0.786601824
407,0.82166631,0.497080658,0.243671419,0.731603574
408,0.43564382,0.362317006,1.767194124,0.256061251
409,-9.005404176,1.278759144,1.015617579,0.42983191
410,-0.071351329,1.010740927,0.406247032,0.17713795
411,0.569441348,0.268516211,0.984165123,0.55907894
412,0.049989324,0.666181892,0.829309869,0.557994635
413,0.328395398,0.444542146,0.331723948,1.474057267
414,0.767658964,-2.078046555,0.132689579,1.52666097
415,0.327575696,-1.871391744,0.62251718,0.802847551
416,0.844794428,0.493263528,0.298996196,0.947178535
417,0.523058571,0.098790061,0.447993877,0.776054634
418,0.94418826,0.583919881,0.946856514,0.271619122
419,0.241709123,0.885692623,0.706318302,0.095066693
420,1.575586764,0.68291522,1.127321749,0.526536871
421,-0.91480719,1.589294648,0.973987271,0.283077966
422,0.252741028,2.26497951,1.333783168,0.682997169
423,-1.529049218,0.637290437,0.77522239,1.124741632
424,0.400093507,-0.249636154,1.88567572,1.076574791
425,-6.097552415,-0.26191651,0.754270288,1.966095825
426,0.756631593,-6.938494391,0.554449143,2.953113049
427,0.647602492,-12.11183512,0.221779657,1.670880004
428,0.650079431,-3.702826714,0.488805369,0.584808001
429,1.275041512,1.172277635,0.195522148,0.2046828
430,0.403885306,0.333098236,0.834840452,0.07163898
431,0.617515218,0.272776854,0.981538673,0.025073643
432,0.057043178,0.064527759,1.0426949,0.008775775
433,-0.203724361,0.036653051,1.692119472,1.175349156
434,-3.908131995,-0.585170739,1.080733095,0.744470441
435,-0.319802552,0.607357018,1.049808456,0.533341508
436,-0.097405962,0.340985299,0.476966561,0.251197287
437,0.93644122,0.618695387,0.190786624,0.124572102
438,0.473101882,0.27834691,0.07631465,0.043600236
439,0.272861856,0.142530391,0.03052586,0.6226171
440,0.086935474,0.568866004,0.012210344,0.558901284
441,0.039416172,0.6819289,0.941325357,0.814310836
442,0.102294415,0.205669325,0.849632025,0.563355703
443,0.411399877,0.667995457,0.612714666,0.339704887
444,1.109619328,0.970982364,0.33202134,0.687762714
445,0.606565893,0.475472876,0.172224708,0.92264585
446,0.492567882,0.211644494,0.171184298,0.528595373
447,0.483541997,0.726395564,0.479873596,0.853003837
448,0.808944334,0.343262366,1.301568766,1.269533707
449,-1.102640165,-0.783426648,1.127193399,0.919809673
450,-0.521294039,0.233136486,0.943445242,0.53357788
451,0.160005077,0.618268982,0.860920094,0.913147822
452,0.590456054,0.366891661,1.153312372,0.662864104
453,-0.800758125,0.929429823,0.461324949,0.232002436
454,0.526248464,0.286542662,0.18452998,0.314337338
455,0.536950424,0.665420459,0.233817069,0.72828705
456,0.438370387,0.381258194,0.683982881,0.621792128
457,0.809321661,0.771077522,0.273593153,1.147057068
458,0.632955599,-0.451800442,0.635685725,0.688012636
459,0.725651031,0.563326896,0.791224714,0.906224881
460,0.268672302,0.098263939,0.754860272,0.698436903
461,0.811543694,0.841512416,1.11126577,1.015530438
462,-0.366549133,-0.038621853,1.077461907,0.355435653
463,-0.202384957,0.436418374,1.156635793,0.687729374
464,-0.473787382,0.449608101,0.731326619,0.33896922
465,0.43384857,0.379664717,1.104074342,0.960151643
466,-0.708104331,0.233862149,0.441629737,0.336053075
467,0.468575562,0.313368724,0.176651895,0.55403695
468,0.962074995,1.65001212,0.070660758,0.643521034
469,0.129289403,0.33680243,0.462112874,0.604897079
470,1.5298936,1.458595426,0.184845149,0.445576126
471,0.439575012,0.592939617,0.542513621,0.469320369
472,1.097571413,1.005477586,1.179080443,1.814274249
473,-0.774607724,-4.721739529,0.60092158,0.971798417
474,0.860844814,0.08524645,1.770262232,1.798724872
475,-6.113366937,-5.900419303,1.147679904,1.222493322
476,-1.027073936,-1.6279966,1.556643375,1.433350249
477,-3.354106512,-2.123099413,0.62265735,0.501672587
478,0.565358152,0.471654585,1.109907754,0.260831856
479,-0.232006818,0.271082445,0.443963101,0.091291149
480,0.902164883,0.263884163,0.177585241,0.031951902
481,0.286722098,0.045249472,0.071034096,0.011183166
482,0.201718267,0.02813808,0.59377179,0.475568693
483,0.675994535,0.569323886,0.237508716,0.437531487
484,0.388571154,0.40231691,0.997168369,0.417020183
485,0.008885309,0.64144652,0.685589446,0.191206536
486,0.5531637,0.316207026,0.475954046,0.095060368
487,0.951258797,0.28862907,0.866376153,0.602595015
488,0.257975546,0.410449329,0.735121615,0.613225165
489,0.457404891,0.434222826,0.302933955,0.856075327
490,0.675668654,0.331934732,0.674337282,0.61583339
491,0.548507118,0.467648742,1.22099371,0.504170756
492,-0.557715388,0.39000889,0.746373029,0.586909094
493,0.50169948,0.516116126,0.755954102,0.639641009
494,0.785260316,0.88714714,0.978050295,0.555809085
495,0.073399944,0.722592138,0.939727236,0.662181922
496,0.653966354,2.997204756,0.375890894,0.621772562
497,1.610009902,1.644496559,0.652055838,0.733736522
498,0.50091509,0.331001193,1.046082651,1.143954923
499,-0.409962403,-1.505572797,0.491833004,1.122976361
500,0.715517777,-0.323745127,0.850699556,3.390246482
501,0.703723092,-43.36558292,1.950289725,2.831082828
502,-3.581130235,-7.434595741,1.281030979,1.321880183
503,-0.832479517,-0.763794624,0.512412392,0.462658064
504,0.700547926,0.56784975,0.920482734,0.161930322
505,0.205627081,0.31072625,1.071916185,0.056675613
506,-0.555501045,0.397369614,0.428766474,0.019836464
507,0.850295344,0.05800261,0.17150659,0.006942763
508,0.299563326,0.011026068,0.769150562,0.570279717
509,0.978398551,1.302443543,0.513287306,0.510324151
510,0.800270686,0.67417874,0.205314922,0.575983067
511,0.518429235,0.65223021,0.932421313,0.259596683
512,0.36626981,1.092086597,0.672531851,0.101884907
513,0.450231857,0.140815457,1.247411291,1.33810326
514,-0.590991064,-0.641570304,1.299235203,1.142514881
515,-0.504581152,-0.141995927,1.038123316,1.052110419
516,-0.280706205,-0.399500192,0.781519137,1.460325244
517,0.315352987,-0.911139557,0.762839512,0.651929292
518,0.596489643,0.63466247,0.305135805,0.228175252
519,0.695258976,0.489209317,0.122054322,0.079861338
520,0.43057462,0.263172189,0.048821729,0.027951468
521,0.194582022,0.102539862,0.334881678,0.009783014
522,1.196436738,0.049870412,0.730442315,0.638086525
523,0.980569788,1.081560991,0.987435902,0.712539601
524,0.028436304,0.363658523,0.82554898,0.51256105
525,0.359657556,0.493767472,0.524801614,0.28193623
526,1.129742628,0.842298943,1.406357383,0.148548092
527,-2.937738567,0.616317391,1.543112741,1.133552823
528,-2.19258211,-0.317099614,0.6456814,0.760402011
529,1.317094134,1.0228166,0.617930116,0.759908175
530,0.559300748,0.337565563,1.376914674,1.108266804
531,-1.289647508,-0.235671158,0.55076587,1.004210772
532,0.751607233,-0.010675573,0.220306348,0.35147377
533,1.086660261,1.439675263,1.405216673,1.145832419
534,-3.841590096,-1.143776899,1.121387417,0.73860691
535,-0.367516049,0.420636326,0.448554967,0.258512418
536,0.516076915,0.302584422,0.93102922,0.090479346
537,0.14484282,0.143206681,1.459071949,1.471343034
538,-0.682120012,-0.446627844,0.58362878,0.514970062
539,0.531064622,0.417809773,0.233451512,0.600875847
540,0.313653205,0.304473937,0.60945752,0.512890969
541,0.637659772,0.539061685,0.388625828,0.32271852
542,1.259931899,1.10724595,0.155450331,0.112951482
543,0.308471384,0.183485799,0.593244755,0.457342792
544,1.139051472,1.08705964,0.550951107,0.464543914
545,0.796855591,0.675666532,0.858040215,0.701652055
546,0.460185292,0.694120954,1.603147985,1.352824169
547,-3.223204658,-1.353406543,0.949730578,0.656974258
548,0.163506902,0.660967935,1.518943703,1.317000631
549,-2.535192514,-1.132004074,1.404433072,1.136616753
550,-1.43517766,-0.31140893,1.02195852,1.091936818
551,-0.056626764,-0.200994575,0.408783408,0.382177886
552,0.899353519,0.76825928,0.327020265,0.794730195
553,0.505933184,0.290707362,0.130808106,0.278155568
554,0.56439051,0.936555886,0.052323242,0.097354449
555,0.275685552,0.472294148,0.020929297,0.034074057
556,0.058461943,0.076827017,0.907725238,0.7801852
557,0.18968731,0.299931036,0.869023279,0.563772182
558,0.291512307,0.501616508,0.911999821,1.133876149
559,0.366275509,-0.637450412,0.64048548,0.8691508
560,0.87475911,0.379717182,0.314656135,0.381029797
561,1.210977747,1.283463656,0.315549764,0.433291465
562,0.644022339,0.605716616,0.417732213,0.65326852
563,0.990015737,0.824379758,0.533368394,0.228643982
564,1.294636843,0.872194656,1.088106468,0.459742576
565,-0.282386384,0.60337427,1.646220334,1.444373558
566,-4.413511066,-2.392422577,1.302510473,1.111247361
567,-1.294316812,-0.344163462,1.511019926,1.213316334
568,-1.977663101,-0.527921219,1.899044813,1.296855373
569,-6.031603266,-1.173808726,0.759617925,1.05727365
570,0.706666755,-0.206921013,0.30384717,0.370045777
571,1.103062849,1.156460056,0.121538868,0.129516022
572,0.464399496,0.445828049,0.048615547,0.045330608
573,0.091357585,0.063793565,0.019446219,0.015865713
574,0.050815957,0.033469287,0.714445243,0.005552999
575,0.756583937,0.017890535,1.388840946,1.158403606
576,-2.200078337,-0.668586532,1.019935874,0.851269311
577,-0.117060586,0.710781875,0.499331934,0.361737824
578,0.894407421,0.715161024,0.250548731,0.160077525
579,0.626883278,0.381965394,0.856803429,0.073917669
580,0.701001787,0.380666894,0.342721372,0.025871184
581,0.856208432,0.08419946,0.137088549,0.71983679
582,0.362885352,0.515422395,0.94924284,0.9671039
583,0.185605485,0.108088219,1.006580414,0.720451759
584,-0.013792548,0.317143484,1.103633953,0.632825009
585,-0.354259317,0.601056141,1.297662014,0.305688214
586,-0.840339367,0.353029475,0.881950157,0.622413269
587,0.25531303,0.454010168,0.538385548,0.325932863
588,0.813876971,0.609297469,0.215354219,0.431219986
589,0.810607178,1.096195679,0.086141688,0.751983136
590,0.294207294,0.610107565,0.034456675,0.616223572
591,0.137492074,0.87724898,0.2690957,0.669688418
592,0.695749396,0.675568126,0.921515251,0.843688416
593,0.265424328,0.421701369,1.179213278,1.391486624
594,-0.392743528,-0.744122927,0.765892605,1.097127884
595,0.746170812,-0.398736364,0.443849116,1.261243739
596,0.729868214,-0.804231528,0.873289043,1.117003434
597,0.299624672,-0.285775806,0.614739945,0.812652571
598,0.977435452,0.563795488,0.245895978,0.2844284
599,0.427853181,0.364360898,0.844529203,0.09954994
600,0.456941303,0.268233112,1.067679895,0.034842479
601,-0.267972808,0.10894576,0.72669663,0.012194868
602,0.62717389,0.031922822,1.268114104,0.568063692
603,-2.550546243,1.917680983,0.935098822,0.56318319
604,0.11729878,0.352934318,0.830980832,0.465347229
605,0.693325676,1.152464237,0.332392333,0.27181729
606,0.984657132,0.802461018,0.760130823,0.127058873
607,0.354037114,0.160043509,0.304052329,1.962151589
608,0.82766455,-6.537375882,0.238919711,1.039687374
609,0.745209239,-0.151466107,0.78889356,1.516354818
610,0.801663896,-3.51443258,1.300214556,1.333185205
611,-2.039586029,-2.209077103,0.874122936,0.626658331
612,0.477202991,0.921792001,1.177313724,0.219330416
613,-0.831129899,0.606212184,1.216134729,0.076765645
614,-0.872686306,0.199955965,1.288117787,0.026867976
615,-1.155954252,0.068106893,0.515247115,0.009403792
616,0.463884096,0.01271473,0.683301837,0.925083328
617,0.524571622,0.131964849,0.273320735,0.929991349
618,0.675637433,0.189351683,0.109328294,0.525452937
619,0.467674655,1.116081038,0.043731318,0.252015421
620,0.411379711,2.067394395,0.481376623,0.100920128
621,0.916449556,0.29023917,0.717122271,0.167286893
622,0.549371831,0.304660358,0.962486341,0.247902096
623,0.105492331,0.448349091,0.852669192,1.202846771
624,0.400780149,-0.654913719,0.752447388,2.488390765
625,0.748139535,-13.25714012,1.217428511,1.161175938
626,-0.71314608,-0.406665204,1.036343235,0.711071937
627,-0.150266137,0.72926651,0.520029625,0.697224269
628,0.681637672,0.466549789,0.608791999,0.244028494
629,0.850576169,0.570173798,0.991656335,0.085409973
630,0.047585923,0.437976913,0.396662534,0.029893491
631,0.675418525,0.066780708,0.158665014,0.739729232
632,0.43016368,0.523291044,0.745103678,0.72545502
633,0.923951003,0.905889936,1.14861764,0.824083055
634,-0.31563958,0.196777883,0.507032979,0.726405982
635,0.906411419,0.626095717,0.878231716,0.321022801
636,0.556937909,1.079533254,0.781456367,0.635649024
637,0.586456434,0.681544168,1.23653355,1.128367094
638,-0.773691858,-0.307614247,0.49461342,0.591706366
639,1.644256746,1.602117985,1.104256786,0.833192945
640,-0.353152906,0.355190279,0.998640624,1.371150785
641,0.004477874,-1.424147313,0.985912683,1.161446942
642,0.099035525,-1.375466922,0.394365073,0.40650643
643,0.96598752,0.871117506,1.802002775,1.744395236
644,-6.896032212,-5.764996223,0.72080111,0.965728612
645,1.057491529,0.165762812,0.292798318,0.338005014
646,1.026365806,1.04179277,0.216154853,0.118301755
647,0.351398219,0.163430133,1.052449461,0.91252312
648,-0.08557923,0.086933145,0.420979784,0.319383092
649,0.72646405,0.535863542,1.225883443,0.277546894
650,-0.953806481,0.59233856,1.516719183,1.138934183
651,-4.28091302,-0.831848321,0.958085892,0.562057097
652,0.172809275,0.960431731,0.383234357,0.283653129
653,1.223590713,0.998828684,0.879757792,0.635142137
654,0.292527256,0.520227236,0.351903117,0.814638308
655,1.233056944,0.783701232,0.140761247,0.285123408
656,0.54509312,0.842600535,0.229113774,1.060224924
657,0.905746652,-0.31020332,1.315236222,1.369907407
658,-1.286621049,-1.313903045,0.818621745,0.999694828
659,1.191601459,0.002594212,1.560505643,1.133594422
660,-4.231506305,-0.68402773,1.169295377,1.239358582
661,-0.343939795,-0.372522887,1.373464803,0.433775504
662,-0.717989143,0.235414177,0.549385921,0.151821426
663,1.116186828,0.532603768,1.411355827,0.055731711
664,-1.669497369,0.124058876,0.564542331,0.019506099
665,0.758722407,0.049252864,0.225816932,0.006827135
666,0.565877875,0.018532418,0.090326773,0.237803674
667,0.155717342,0.25371425,1.152317537,0.615835054
668,-0.593791687,0.683341489,0.460927015,0.339601145
669,0.562635693,0.392171022,0.943093213,0.168113265
670,0.149214628,0.316080481,0.94311516,0.077372061
671,0.08494486,0.079817143,0.532963406,0.280794472
672,1.380316499,1.081857722,0.213185362,0.781619554
673,0.519075491,0.441037643,0.647909838,0.665737866
674,0.725758712,0.595231339,0.408378563,0.549088734
675,0.40216869,0.294697192,0.248296286,0.2719982
676,0.820454873,0.793434927,1.479635013,1.177057092
677,-4.792939679,-1.428390875,1.110929496,0.853007625
678,-0.466140305,0.416382264,1.170130511,0.893784008
679,-0.641575274,0.258063736,0.870220895,0.607521595
680,0.455865627,0.858808427,1.168543231,1.006067485
681,-0.867776932,-0.024531067,0.467417292,0.35212362
682,0.379207372,0.243043539,0.186966917,0.539625531
683,0.719633511,1.092112353,0.074786767,0.446932672
684,0.107286452,0.269236275,0.485780334,1.015234862
685,0.663314223,-0.033005326,0.194312134,0.355332202
686,0.759735289,1.038677193,0.456932226,0.36740981
687,0.985873829,0.820697676,0.902406401,1.220705786
688,0.391210381,-1.093764731,0.468249012,0.696483301
689,0.580016972,0.382981957,0.850613827,0.243769155
690,0.271187064,0.299351479,1.09998082,1.123996397
691,-0.496824319,-0.577851029,1.425866157,1.214096415
692,-3.696488409,-1.564678092,0.961556843,0.424933745
693,0.152361002,0.903450749,0.96463971,0.531708768
694,0.105920051,0.646140531,0.657042948,0.485449548
695,0.814686157,0.783941621,0.262817179,0.169907342
696,0.373449163,0.201654303,0.105126872,0.05946757
697,0.230046961,0.107670365,0.194411751,0.924264399
698,0.401240881,0.142831447,0.183684751,0.969633071
699,0.360812719,0.055553629,0.888160058,1.123313196
700,0.226778858,-0.244719743,0.728713186,0.594813922
701,0.686472737,0.719198417,0.521532235,0.315855238
702,0.982861032,0.754830675,0.609853775,0.25338078
703,0.695256973,0.454991963,0.604754229,0.144236903
704,0.617032452,0.254256974,0.468680549,0.050482916
705,1.276732002,0.232807354,0.873944957,0.736867438
706,0.256295617,0.350712027,1.332439015,1.012734279
707,-3.01251831,-0.089165823,1.228232579,0.809448961
708,-0.509007513,0.204667473,1.108325483,0.53756411
709,-0.554511639,1.059591081,1.720062195,0.420954793
710,-2.306744747,0.333864514,0.944320495,0.498046204
711,0.127180466,0.474740217,0.377728198,0.174316171
712,0.740990207,0.380612668,0.151091279,0.265678133
713,0.38152029,0.479765965,0.060436512,1.152578428
714,0.216968306,-0.591415495,0.024174605,0.737266963
715,0.056328642,0.361953096,0.136850307,0.732783654
716,0.489089104,0.728072307,0.79573033,0.637086947
717,1.067924503,1.531018163,0.699812422,0.702746396
718,1.007413125,0.933217583,0.496893275,0.245961239
719,1.041725984,0.695126378,0.255085952,0.44803953
720,0.628655538,0.694648279,0.591123485,0.884886143
721,0.475221971,0.149301191,1.304373897,1.840728313
722,-1.008296677,-3.12344967,1.529162684,1.577472492
723,-3.730348434,-3.873841296,1.653391058,1.24724175
724,-2.572727051,-0.574307163,1.290011961,1.131182892
725,-0.710490634,-0.208262713,0.991226755,0.545215203
726,0.030293389,0.74286132,0.396490702,0.190825321
727,0.36570365,0.165180698,0.158596281,0.066788862
728,0.361926422,0.136569319,0.063438512,0.023376102
729,0.31041676,0.113523269,0.025375405,0.008181636
730,0.055010662,0.013876615,0.040443551,0.745724892
731,0.122603131,0.502776868,0.381881071,0.42618441
732,1.381128484,1.400966958,0.51467885,0.285733863
733,0.383681302,0.219706927,0.5162883,0.213530121
734,0.889578634,0.517355038,0.261525982,0.088612158
735,0.577711497,0.20000384,0.227213524,0.533791123
736,0.806777428,1.053883372,1.472013894,1.587793851
737,-2.64826046,-3.128976251,0.97248686,0.775434775
738,0.086446006,0.474848063,1.278573378,0.788757209
739,-0.999229677,0.38083856,1.089140849,0.476068863
740,-0.329745771,0.723990092,1.242433768,1.220507474
741,-0.671631166,-0.461646947,0.496973507,0.427177616
742,0.584092831,0.444980827,0.285235409,0.624360229
743,1.141254815,1.271284055,0.114094163,0.59936464
744,0.349809045,0.713560918,0.045637665,0.933767716
745,0.148281421,0.180047349,0.018255066,0.326818701
746,0.057024512,0.588577861,0.591394858,0.559367372
747,0.544412784,0.428275339,1.377812758,1.467062635
748,-2.795712353,-3.526723957,0.900934148,1.22703284
749,0.41544545,-1.199034555,0.508655081,0.609508843
750,0.508004291,0.363645926,0.260486544,0.801905956
751,0.397421427,0.247263688,0.648607401,0.708942424
752,0.875314877,0.698381507,0.259442961,0.248129848
753,1.193377314,1.151619938,0.519222634,0.086845447
754,0.697943953,0.180493098,0.715693344,0.394041832
755,1.071408894,1.198952928,0.683698765,0.385178329
756,0.65257181,0.592932015,1.148794383,0.833193922
757,-0.508045082,0.341440735,1.652895067,1.443237811
758,-1.908739094,-0.821415093,1.359101979,0.685626331
759,-2.733574787,1.169164588,1.615049685,1.438922144
760,-5.156376125,-3.115308213,1.298591684,1.096554765
761,-1.625782056,-0.399907588,0.519436674,0.725234903
762,1.372556108,1.056244495,0.207774669,0.253832216
763,0.5874725,0.58489999,0.083109868,1.258005864
764,0.245609913,-0.882414934,0.033243947,0.440302052
765,0.151605927,1.078520494,0.013297579,0.154105718
766,0.018348108,0.124793251,1.377875139,1.110181497
767,-0.374987641,-0.051090684,1.138622556,0.973463514
768,-0.794351376,0.122582199,0.701058935,0.34071223
769,0.479136572,0.397536829,0.432029501,1.197769774
770,0.61491284,-0.47018292,0.191159908,0.544012672
771,0.327869609,0.399603695,0.076463963,0.190404435
772,0.172959165,0.297339048,0.030585585,0.189223751
773,0.049048361,0.181192433,0.491370807,0.463765142
774,0.652225061,0.519280854,0.811461163,0.1623178
775,0.560703054,0.434051728,0.652454074,0.456414925
776,0.506581895,0.426581839,0.433940794,0.457084272
777,1.458717411,1.448247689,0.222624678,0.341171928
778,0.621633098,0.69971887,0.741274932,0.638691029
779,0.823233784,0.897566983,0.857213027,0.657593588
780,0.172249953,0.21726625,0.849467106,0.656739595
781,0.443295186,0.671314943,1.798504254,1.678106548
782,-9.007956914,-7.110990072,1.3410348,1.287056162
783,-1.216885201,-0.790393861,1.359647704,1.34803664
784,-1.051824439,-0.769381493,0.716109034,0.689079074
785,0.80439876,0.752680137,0.729738799,0.912492619
786,0.476538159,0.151433804,0.29189552,0.319372417
787,0.485260587,0.39768148,0.116758208,0.111780346
788,0.240381983,0.180019702,0.046703283,0.039123121
789,0.211016716,0.165498297,0.823080074,0.766373229
790,0.24429027,0.215197739,0.805770189,0.419664434
791,0.798734442,1.176091521,0.807568662,0.544564032
792,0.924415179,1.450462984,0.563409448,0.370617113
793,1.499333729,1.406390165,0.436380495,0.295214287
794,0.48322986,0.304675893,0.418842468,0.318522739
795,1.27219183,1.079859974,0.966271429,1.28757448
796,0.06485675,-0.55094842,1.310923751,1.901114052
797,-0.872129523,-2.79087646,2.023703229,2.071780083
798,-8.147553905,-7.741905627,1.292711152,1.029798922
799,-1.464015091,-0.104827343,1.789276291,1.440289597
800,-4.087033042,-1.506887951,0.780567266,0.504101359
801,0.578533876,0.720605711,0.312226906,0.176435476
802,0.916522451,0.561156051,0.124890763,0.061752416
803,0.801699656,0.440312391,0.049956305,0.021613346
804,0.194925675,0.077833592,0.019982522,0.007564671
805,0.053894734,0.016752732,0.586526885,0.723253346
806,1.064961968,0.801008381,1.151133205,0.814294722
807,-0.913625071,0.756788704,1.262152938,0.725315544
808,-0.812536824,0.385564553,0.699786851,0.331694033
809,0.965511826,0.939033835,0.333809474,0.132845643
810,0.73823777,0.324962518,1.198485758,0.847504356
811,-1.38416209,0.735268377,0.479394303,1.053415228
812,1.059246999,-0.215786668,0.191757721,0.754259882
813,0.377047244,0.354518873,1.042214915,1.203024794
814,-0.110170543,-0.484330842,1.155123736,0.746021196
815,-0.428379124,0.354581575,0.462049494,0.996375796
816,0.681125444,0.008014876,1.244066797,0.348731528
817,-1.216980683,0.810832184,0.874673963,0.476574908
818,0.309422911,0.574556203,0.349869585,0.166801218
819,0.570807818,0.276339202,0.139947834,0.412962001
820,0.521945898,0.955014696,0.737104578,0.152551577
821,1.014625006,0.644595649,0.294841831,0.864225236
822,0.446620741,0.192105884,0.427359643,0.877035035
823,0.456457001,0.147985599,0.741751676,0.583301464
824,0.918502597,1.085703088,0.818646568,1.159170208
825,0.769399258,-0.908210515,1.342083633,1.050305221
826,-1.606116353,-0.159138626,0.983454195,0.559712711
827,0.048220354,0.603187541,0.849838679,0.343885048
828,0.397383444,0.587560819,1.258438069,1.206062855
829,-0.885969122,-0.547549108,1.272774486,0.422121999
830,-1.866403711,1.257050522,0.509109794,0.1477427
831,1.290436721,0.616976303,0.251864272,0.654897486
832,0.485664792,0.46464806,0.498129152,0.816774939
833,1.099598363,0.600106155,0.199251661,0.285871229
834,0.365383613,0.362056561,0.079700664,1.357105452
835,0.237790205,-1.32717845,1.322316986,1.091963212
836,-1.116618908,-0.210715024,1.014591587,0.846835184
837,-0.069224489,0.561443404,1.505434997,0.896498469
838,-2.445915835,0.251422807,0.967557612,0.675831025
839,0.119506942,0.733465237,0.62481325,0.236540859
840,0.734223793,0.473691933,0.2499253,0.082789301
841,1.213342885,0.493508848,0.09997012,0.59041966
842,0.145198738,0.276891833,0.039988048,0.458069688
843,0.050456218,0.219925411,0.135502161,0.893789628
844,0.550933553,0.413908368,0.788424658,0.786518302
845,0.381564616,0.297347055,1.528712748,0.768790254
846,-3.798934613,0.774416859,0.756683838,0.545968422
847,0.460734797,0.491163615,0.353129753,0.411014359
848,1.032108232,1.003909358,0.692185454,0.557763393
849,1.01987646,1.099424103,0.658438798,0.492564243
850,0.362278621,0.285550552,0.263375519,0.946814344
851,0.681585606,0.152474959,0.566085004,0.822548635
852,0.730762798,0.35902045,1.258542234,1.29180138
853,-0.814372966,-0.747014037,1.523293354,1.551554585
854,-4.356197876,-4.501369942,0.971595962,0.828594657
855,0.115263693,0.533845421,1.070223991,0.442483089
856,-0.179470709,0.461011825,1.158852394,0.513889531
857,-0.357785575,0.360887239,0.463540958,0.179861336
858,0.365028169,0.150043722,0.185416383,0.062951468
859,0.76087221,0.280264753,0.189430246,0.555878435
860,0.402929259,0.519079233,0.075772098,0.655569277
861,0.284985526,0.821588022,0.030308839,0.590336486
862,0.060188084,0.372972866,0.377151704,0.356661492
863,1.10209599,0.997384718,0.911732891,0.405096275
864,0.207265351,0.494989258,0.767622416,0.660862929
865,0.313966803,0.286041848,0.592034492,1.052890047
866,1.183034384,-0.255450184,0.297001881,0.741484383
867,0.646236796,0.495395776,1.220896742,1.256904252
868,-1.081935707,-1.154132325,0.695624048,0.934905747
869,0.521767336,0.118288096,0.592216423,0.61325886
870,0.595009849,0.460889996,1.419920953,0.214640601
871,-1.640793726,0.376117698,1.214205177,0.570519986
872,-0.966639425,0.795989803,0.485682071,0.199681995
873,0.940987644,0.527979831,0.716040165,0.188176794
874,0.994384242,0.699428059,0.881425915,0.526751874
875,0.399534257,0.838848689,0.352570366,0.560480854
876,0.394433393,0.307236851,0.141028146,0.992158102
877,0.340121365,0.0178014,0.997398903,0.875235167
878,0.007971573,0.279660236,1.393343803,1.005760367
879,-1.232243057,-0.010041359,0.956871778,1.190864817
880,0.075837482,-0.306153836,0.777182105,0.724039537
881,0.673426609,0.68690475,0.650994206,0.271215238
882,0.373790436,0.231847282,0.268369255,0.37458557
883,1.358173632,1.654427652,0.107347702,0.131104949
884,0.481872296,0.540036502,0.118776563,0.045886732
885,0.330723743,0.116108336,0.720937234,0.702965106
886,0.507709184,0.418096404,0.66216533,0.477885069
887,0.88200491,0.872681193,1.623039764,1.821687426
888,-3.609136024,-4.622681957,1.131088201,1.177627101
889,-0.342869345,-0.375507273,0.783159024,0.528277821
890,0.404649391,0.464433733,0.820972793,0.602993641
891,0.546705592,0.778498798,1.210394028,1.083728967
892,-1.146594076,-0.374648427,0.484157611,0.379305138
893,0.791565347,0.626774345,0.193663044,0.132756798
894,0.363405746,0.208328587,0.482114609,0.510898612
895,0.517129209,0.390857204,0.739551435,0.957313313
896,0.47185015,0.078841402,0.295820574,0.335059659
897,0.874283316,0.842550682,0.909893577,0.744045225
898,0.326846036,0.675342788,0.727363176,0.468744416
899,0.745253264,0.820286002,0.808074479,0.554917749
900,0.554362524,0.764181782,0.795079941,0.273062614
901,0.656984515,0.714043527,1.192315293,0.938122598
902,-0.824517448,0.180946807,0.803772153,1.003685697
903,0.74362696,-0.016179308,1.066762126,1.171575996
904,-0.431779431,-1.203851329,0.981067374,1.17423338
905,0.032018801,-0.254402062,1.049411464,1.12502521
906,-0.286732554,-0.750852781,0.419764586,0.57470563
907,0.332303604,0.22688562,0.911532794,0.20114697
908,0.248985934,0.414019926,0.364613118,0.07040144
909,1.807115876,0.537077457,0.177864048,0.024640504
910,0.422630594,0.057015286,0.071145619,0.008624176
911,0.405666904,0.052007237,0.360761852,0.229904082
912,0.815029142,0.54009408,0.393290675,0.494486355
913,1.394673383,1.430130086,1.964432146,0.710147681
914,-5.971796018,0.544234886,1.208403453,0.305566974
915,-0.645569538,0.433296409,0.889028285,0.158955678
916,0.571793689,0.756832698,1.170640456,0.595728567
917,-0.597679786,0.596610484,1.862929566,1.638635084
918,-7.318898294,-4.381199596,0.745171826,1.117757166
919,0.479740722,-0.263923953,0.29806873,0.824511417
920,0.404958806,0.207950969,0.691021181,1.045411694
921,0.729961274,-0.138937779,0.276408472,0.962504577
922,0.7366664,0.115925563,0.110563389,0.336876602
923,0.436022133,0.904812402,0.523966077,0.117906811
924,1.30647612,0.5188233,0.614545237,0.249218353
925,0.655764256,0.4206151,0.975779369,0.087226423
926,0.087668368,0.258023363,1.126978148,0.146454811
927,-0.217870869,0.133088068,0.886813392,0.956071586
928,0.394062654,0.14610801,1.661201477,0.853448355
929,-2.790859581,0.252586932,1.320244847,0.719322024
930,-1.152330554,0.445090021,0.615766307,0.509786072
931,0.431411065,0.333341288,0.246306523,0.311513193
932,0.731352125,0.749389313,0.492585263,0.255137628
933,0.920639225,0.610481328,0.197034105,0.341885102
934,0.325672723,0.349241709,0.078813642,0.564749806
935,0.322204599,0.99675683,0.462936521,0.53100372
936,0.799830575,0.675454719,0.916526733,0.935240616
937,0.345815717,0.251293876,1.287249919,0.937815543
938,-1.741655525,0.254750016,0.840572691,0.677477149
939,0.270851326,0.331483536,0.658433676,1.233873832
940,0.488028959,-0.478455039,1.063204046,1.10731056
941,-0.237073045,-0.36168322,0.771097335,0.638852572
942,0.769785456,0.91540408,0.308438934,0.478348416
943,1.193746416,1.35216882,0.394226899,0.498905482
944,0.397553184,0.297596131,0.645719719,0.174616919
945,0.705429057,0.370753605,0.258287887,0.061115922
946,0.407284731,0.092732153,0.873100611,0.936794653
947,0.308390198,0.134009245,1.54298666,1.680046948
948,-4.616436794,-6.071840759,1.014747848,0.885612563
949,-0.030768612,0.157005224,1.111328196,0.680718002
950,-0.250791501,0.330932111,0.851816009,0.330983454
951,0.667691254,1.118264409,0.649116601,0.249853454
952,0.354270125,0.204954906,0.259646641,0.087448709
953,0.400616053,0.125793884,0.103858656,0.187612272
954,0.441917758,0.67250111,0.041543462,0.396596406
955,0.102321322,0.49015796,0.684308639,1.257073152
956,0.681023908,-0.854559737,0.627993581,0.644930509
957,1.542618055,1.525923813,0.651813486,0.351519563
958,0.677473086,0.563064223,0.702643153,0.795532957
959,0.507751542,0.310702831,0.383378583,0.768594495
960,0.475625643,0.268293452,0.834375341,0.269008073
961,1.018702026,1.503641805,1.876368192,1.620076639
962,-10.01677837,-6.052025942,1.428020363,1.130091047
963,-1.633311702,-0.316201738,1.078959687,0.706234697
964,-0.199304927,0.377876084,0.907209517,0.515475596
965,0.31254424,0.810335672,1.381585833,1.684058264
966,-1.365069661,-2.382027049,0.552634333,0.589420392
967,1.471842008,1.416736195,0.221053733,0.206297137
968,0.585425893,0.475882759,0.088421493,0.450080082
969,0.35144445,0.981715864,0.347912837,0.967863701
970,0.798878433,0.094450968,0.139165135,0.338752295
971,0.600847101,1.058410469,1.527508062,1.535299499
972,-2.307887237,-1.92778243,1.196429118,1.013237584
973,-1.022496778,-0.053057526,0.830016097,1.336349018
974,0.839306513,-2.628805899,1.130884871,0.562173124
975,-0.914939112,1.510231552,1.05320105,1.255171062
976,-0.258749789,-1.364930675,0.42128042,0.439309872
977,0.610424556,0.488371329,0.168512168,0.153758455
978,0.69367173,0.604898483,0.906711381,0.053815459
979,0.218413547,0.104924234,0.362684552,1.529066963
980,0.809419025,-2.439580399,0.145073821,0.535173437
981,0.329858421,0.531879783,0.668454084,0.675682032
982,0.457503479,0.341352359,0.961053364,0.841387194
983,0.128868674,0.394014437,0.602834893,0.399409752
984,0.915396274,0.807350534,1.050552983,0.139793413
985,-0.198067592,0.392343016,0.750079614,0.580807477
986,0.6300429,0.697489508,0.757535324,0.544634976
987,0.62532924,0.722025472,0.431882804,0.584636678
988,0.842610031,0.71467449,1.088149396,1.011973371
989,-0.439619456,-0.051151978,0.435259758,0.746533696
990,0.653639022,0.404493133,0.804146803,0.958776302
991,0.417643601,0.084198554,0.946987961,1.057597178
992,0.071571386,-0.05973965,1.221405215,1.084833502
993,-0.693526886,-0.188025044,0.488562086,0.379691726
994,0.769702885,0.605086349,0.849063856,0.537385237
995,0.388699098,0.626427389,0.757269143,0.272283387
996,0.410904018,0.340961594,0.374479044,0.095299185
997,0.431076028,0.116336338,0.149791617,0.033354715
998,0.234103981,0.043444506,0.829619532,0.616760499
999,0.609482478,0.924550176,0.720546911,0.842293563
1000,0.32727897,0.153465996,0.699122782,0.635764341